State,Subarea,Latitude,Longitude,Month,API_Level
Johor,Johor Bahru,5.644,103.375,2024-01,107
Johor,Johor Bahru,5.644,103.375,2024-02,113
Johor,Johor Bahru,5.644,103.375,2024-03,144
Johor,Johor Bahru,5.644,103.375,2024-04,60
Johor,Johor Bahru,5.644,103.375,2024-05,73
Johor,Johor Bahru,5.644,103.375,2024-06,140
Johor,Johor Bahru,5.644,103.375,2024-07,43
Johor,Johor Bahru,5.644,103.375,2024-08,125
Johor,Johor Bahru,5.644,103.375,2024-09,116
Johor,Johor Bahru,5.644,103.375,2024-10,43
Johor,Johor Bahru,5.644,103.375,2024-11,71
Johor,Johor Bahru,5.644,103.375,2024-12,135
Johor,Kluang,1.714,117.859,2024-01,57
Johor,Kluang,1.714,117.859,2024-02,60
Johor,Kluang,1.714,117.859,2024-03,141
Johor,Kluang,1.714,117.859,2024-04,136
Johor,Kluang,1.714,117.859,2024-05,37
Johor,Kluang,1.714,117.859,2024-06,127
Johor,Kluang,1.714,117.859,2024-07,60
Johor,Kluang,1.714,117.859,2024-08,62
Johor,Kluang,1.714,117.859,2024-09,113
Johor,Kluang,1.714,117.859,2024-10,149
Johor,Kluang,1.714,117.859,2024-11,115
Johor,Kluang,1.714,117.859,2024-12,124
Johor,Batu Pahat,3.222,108.724,2024-01,38
Johor,Batu Pahat,3.222,108.724,2024-02,59
Johor,Batu Pahat,3.222,108.724,2024-03,62
Johor,Batu Pahat,3.222,108.724,2024-04,66
Johor,Batu Pahat,3.222,108.724,2024-05,130
Johor,Batu Pahat,3.222,108.724,2024-06,50
Johor,Batu Pahat,3.222,108.724,2024-07,87
Johor,Batu Pahat,3.222,108.724,2024-08,73
Johor,Batu Pahat,3.222,108.724,2024-09,106
Johor,Batu Pahat,3.222,108.724,2024-10,117
Johor,Batu Pahat,3.222,108.724,2024-11,41
Johor,Batu Pahat,3.222,108.724,2024-12,34
Johor,Muar,2.98,104.574,2024-01,64
Johor,Muar,2.98,104.574,2024-02,129
Johor,Muar,2.98,104.574,2024-03,133
Johor,Muar,2.98,104.574,2024-04,51
Johor,Muar,2.98,104.574,2024-05,128
Johor,Muar,2.98,104.574,2024-06,111
Johor,Muar,2.98,104.574,2024-07,64
Johor,Muar,2.98,104.574,2024-08,133
Johor,Muar,2.98,104.574,2024-09,64
Johor,Muar,2.98,104.574,2024-10,35
Johor,Muar,2.98,104.574,2024-11,91
Johor,Muar,2.98,104.574,2024-12,64
Johor,Segamat,1.255,104.004,2024-01,39
Johor,Segamat,1.255,104.004,2024-02,112
Johor,Segamat,1.255,104.004,2024-03,37
Johor,Segamat,1.255,104.004,2024-04,46
Johor,Segamat,1.255,104.004,2024-05,148
Johor,Segamat,1.255,104.004,2024-06,59
Johor,Segamat,1.255,104.004,2024-07,75
Johor,Segamat,1.255,104.004,2024-08,50
Johor,Segamat,1.255,104.004,2024-09,133
Johor,Segamat,1.255,104.004,2024-10,123
Johor,Segamat,1.255,104.004,2024-11,51
Johor,Segamat,1.255,104.004,2024-12,62
Johor,Kota Tinggi,4.389,104.033,2024-01,147
Johor,Kota Tinggi,4.389,104.033,2024-02,123
Johor,Kota Tinggi,4.389,104.033,2024-03,32
Johor,Kota Tinggi,4.389,104.033,2024-04,68
Johor,Kota Tinggi,4.389,104.033,2024-05,147
Johor,Kota Tinggi,4.389,104.033,2024-06,89
Johor,Kota Tinggi,4.389,104.033,2024-07,115
Johor,Kota Tinggi,4.389,104.033,2024-08,63
Johor,Kota Tinggi,4.389,104.033,2024-09,114
Johor,Kota Tinggi,4.389,104.033,2024-10,142
Johor,Kota Tinggi,4.389,104.033,2024-11,136
Johor,Kota Tinggi,4.389,104.033,2024-12,94
Johor,Pontian,1.963,111.646,2024-01,41
Johor,Pontian,1.963,111.646,2024-02,97
Johor,Pontian,1.963,111.646,2024-03,64
Johor,Pontian,1.963,111.646,2024-04,62
Johor,Pontian,1.963,111.646,2024-05,33
Johor,Pontian,1.963,111.646,2024-06,32
Johor,Pontian,1.963,111.646,2024-07,30
Johor,Pontian,1.963,111.646,2024-08,86
Johor,Pontian,1.963,111.646,2024-09,93
Johor,Pontian,1.963,111.646,2024-10,38
Johor,Pontian,1.963,111.646,2024-11,58
Johor,Pontian,1.963,111.646,2024-12,65
Johor,Mersing,2.756,115.6,2024-01,83
Johor,Mersing,2.756,115.6,2024-02,63
Johor,Mersing,2.756,115.6,2024-03,134
Johor,Mersing,2.756,115.6,2024-04,143
Johor,Mersing,2.756,115.6,2024-05,117
Johor,Mersing,2.756,115.6,2024-06,107
Johor,Mersing,2.756,115.6,2024-07,123
Johor,Mersing,2.756,115.6,2024-08,129
Johor,Mersing,2.756,115.6,2024-09,99
Johor,Mersing,2.756,115.6,2024-10,42
Johor,Mersing,2.756,115.6,2024-11,108
Johor,Mersing,2.756,115.6,2024-12,76
Johor,Tangkak,5.213,111.633,2024-01,33
Johor,Tangkak,5.213,111.633,2024-02,72
Johor,Tangkak,5.213,111.633,2024-03,96
Johor,Tangkak,5.213,111.633,2024-04,130
Johor,Tangkak,5.213,111.633,2024-05,137
Johor,Tangkak,5.213,111.633,2024-06,82
Johor,Tangkak,5.213,111.633,2024-07,93
Johor,Tangkak,5.213,111.633,2024-08,33
Johor,Tangkak,5.213,111.633,2024-09,40
Johor,Tangkak,5.213,111.633,2024-10,91
Johor,Tangkak,5.213,111.633,2024-11,37
Johor,Tangkak,5.213,111.633,2024-12,40
Johor,Labuan,5.093,112.986,2024-01,145
Johor,Labuan,5.093,112.986,2024-02,105
Johor,Labuan,5.093,112.986,2024-03,55
Johor,Labuan,5.093,112.986,2024-04,105
Johor,Labuan,5.093,112.986,2024-05,89
Johor,Labuan,5.093,112.986,2024-06,127
Johor,Labuan,5.093,112.986,2024-07,125
Johor,Labuan,5.093,112.986,2024-08,100
Johor,Labuan,5.093,112.986,2024-09,110
Johor,Labuan,5.093,112.986,2024-10,148
Johor,Labuan,5.093,112.986,2024-11,103
Johor,Labuan,5.093,112.986,2024-12,124
Kedah,Alor Setar,6.811,105.75,2024-01,82
Kedah,Alor Setar,6.811,105.75,2024-02,120
Kedah,Alor Setar,6.811,105.75,2024-03,55
Kedah,Alor Setar,6.811,105.75,2024-04,149
Kedah,Alor Setar,6.811,105.75,2024-05,95
Kedah,Alor Setar,6.811,105.75,2024-06,49
Kedah,Alor Setar,6.811,105.75,2024-07,144
Kedah,Alor Setar,6.811,105.75,2024-08,32
Kedah,Alor Setar,6.811,105.75,2024-09,94
Kedah,Alor Setar,6.811,105.75,2024-10,144
Kedah,Alor Setar,6.811,105.75,2024-11,68
Kedah,Alor Setar,6.811,105.75,2024-12,33
Kedah,Sungai Petani,1.061,104.569,2024-01,85
Kedah,Sungai Petani,1.061,104.569,2024-02,116
Kedah,Sungai Petani,1.061,104.569,2024-03,142
Kedah,Sungai Petani,1.061,104.569,2024-04,62
Kedah,Sungai Petani,1.061,104.569,2024-05,108
Kedah,Sungai Petani,1.061,104.569,2024-06,101
Kedah,Sungai Petani,1.061,104.569,2024-07,101
Kedah,Sungai Petani,1.061,104.569,2024-08,93
Kedah,Sungai Petani,1.061,104.569,2024-09,144
Kedah,Sungai Petani,1.061,104.569,2024-10,83
Kedah,Sungai Petani,1.061,104.569,2024-11,110
Kedah,Sungai Petani,1.061,104.569,2024-12,124
Kedah,Kulim,2.62,115.388,2024-01,140
Kedah,Kulim,2.62,115.388,2024-02,108
Kedah,Kulim,2.62,115.388,2024-03,32
Kedah,Kulim,2.62,115.388,2024-04,71
Kedah,Kulim,2.62,115.388,2024-05,65
Kedah,Kulim,2.62,115.388,2024-06,88
Kedah,Kulim,2.62,115.388,2024-07,139
Kedah,Kulim,2.62,115.388,2024-08,106
Kedah,Kulim,2.62,115.388,2024-09,127
Kedah,Kulim,2.62,115.388,2024-10,51
Kedah,Kulim,2.62,115.388,2024-11,79
Kedah,Kulim,2.62,115.388,2024-12,79
Kedah,Baling,3.687,103.625,2024-01,85
Kedah,Baling,3.687,103.625,2024-02,108
Kedah,Baling,3.687,103.625,2024-03,71
Kedah,Baling,3.687,103.625,2024-04,133
Kedah,Baling,3.687,103.625,2024-05,35
Kedah,Baling,3.687,103.625,2024-06,105
Kedah,Baling,3.687,103.625,2024-07,124
Kedah,Baling,3.687,103.625,2024-08,33
Kedah,Baling,3.687,103.625,2024-09,111
Kedah,Baling,3.687,103.625,2024-10,38
Kedah,Baling,3.687,103.625,2024-11,102
Kedah,Baling,3.687,103.625,2024-12,69
Kedah,Langkawi,5.515,103.787,2024-01,72
Kedah,Langkawi,5.515,103.787,2024-02,108
Kedah,Langkawi,5.515,103.787,2024-03,47
Kedah,Langkawi,5.515,103.787,2024-04,141
Kedah,Langkawi,5.515,103.787,2024-05,55
Kedah,Langkawi,5.515,103.787,2024-06,124
Kedah,Langkawi,5.515,103.787,2024-07,104
Kedah,Langkawi,5.515,103.787,2024-08,118
Kedah,Langkawi,5.515,103.787,2024-09,94
Kedah,Langkawi,5.515,103.787,2024-10,33
Kedah,Langkawi,5.515,103.787,2024-11,86
Kedah,Langkawi,5.515,103.787,2024-12,150
Kedah,Kubang Pasu,6.366,114.355,2024-01,55
Kedah,Kubang Pasu,6.366,114.355,2024-02,67
Kedah,Kubang Pasu,6.366,114.355,2024-03,68
Kedah,Kubang Pasu,6.366,114.355,2024-04,43
Kedah,Kubang Pasu,6.366,114.355,2024-05,146
Kedah,Kubang Pasu,6.366,114.355,2024-06,84
Kedah,Kubang Pasu,6.366,114.355,2024-07,131
Kedah,Kubang Pasu,6.366,114.355,2024-08,40
Kedah,Kubang Pasu,6.366,114.355,2024-09,86
Kedah,Kubang Pasu,6.366,114.355,2024-10,97
Kedah,Kubang Pasu,6.366,114.355,2024-11,50
Kedah,Kubang Pasu,6.366,114.355,2024-12,137
Kedah,Pendang,4.033,108.445,2024-01,87
Kedah,Pendang,4.033,108.445,2024-02,118
Kedah,Pendang,4.033,108.445,2024-03,108
Kedah,Pendang,4.033,108.445,2024-04,99
Kedah,Pendang,4.033,108.445,2024-05,41
Kedah,Pendang,4.033,108.445,2024-06,101
Kedah,Pendang,4.033,108.445,2024-07,89
Kedah,Pendang,4.033,108.445,2024-08,121
Kedah,Pendang,4.033,108.445,2024-09,100
Kedah,Pendang,4.033,108.445,2024-10,66
Kedah,Pendang,4.033,108.445,2024-11,140
Kedah,Pendang,4.033,108.445,2024-12,146
Kedah,Sik,6.285,109.681,2024-01,124
Kedah,Sik,6.285,109.681,2024-02,103
Kedah,Sik,6.285,109.681,2024-03,67
Kedah,Sik,6.285,109.681,2024-04,35
Kedah,Sik,6.285,109.681,2024-05,49
Kedah,Sik,6.285,109.681,2024-06,126
Kedah,Sik,6.285,109.681,2024-07,37
Kedah,Sik,6.285,109.681,2024-08,42
Kedah,Sik,6.285,109.681,2024-09,43
Kedah,Sik,6.285,109.681,2024-10,107
Kedah,Sik,6.285,109.681,2024-11,95
Kedah,Sik,6.285,109.681,2024-12,107
Kedah,Yan,6.189,114.204,2024-01,142
Kedah,Yan,6.189,114.204,2024-02,139
Kedah,Yan,6.189,114.204,2024-03,86
Kedah,Yan,6.189,114.204,2024-04,133
Kedah,Yan,6.189,114.204,2024-05,126
Kedah,Yan,6.189,114.204,2024-06,109
Kedah,Yan,6.189,114.204,2024-07,130
Kedah,Yan,6.189,114.204,2024-08,122
Kedah,Yan,6.189,114.204,2024-09,54
Kedah,Yan,6.189,114.204,2024-10,105
Kedah,Yan,6.189,114.204,2024-11,97
Kedah,Yan,6.189,114.204,2024-12,91
Kedah,Pokok Sena,5.627,113.264,2024-01,53
Kedah,Pokok Sena,5.627,113.264,2024-02,115
Kedah,Pokok Sena,5.627,113.264,2024-03,90
Kedah,Pokok Sena,5.627,113.264,2024-04,39
Kedah,Pokok Sena,5.627,113.264,2024-05,44
Kedah,Pokok Sena,5.627,113.264,2024-06,102
Kedah,Pokok Sena,5.627,113.264,2024-07,122
Kedah,Pokok Sena,5.627,113.264,2024-08,37
Kedah,Pokok Sena,5.627,113.264,2024-09,69
Kedah,Pokok Sena,5.627,113.264,2024-10,53
Kedah,Pokok Sena,5.627,113.264,2024-11,51
Kedah,Pokok Sena,5.627,113.264,2024-12,150
Kelantan,Kota Bharu,1.348,109.289,2024-01,120
Kelantan,Kota Bharu,1.348,109.289,2024-02,72
Kelantan,Kota Bharu,1.348,109.289,2024-03,133
Kelantan,Kota Bharu,1.348,109.289,2024-04,103
Kelantan,Kota Bharu,1.348,109.289,2024-05,76
Kelantan,Kota Bharu,1.348,109.289,2024-06,48
Kelantan,Kota Bharu,1.348,109.289,2024-07,42
Kelantan,Kota Bharu,1.348,109.289,2024-08,72
Kelantan,Kota Bharu,1.348,109.289,2024-09,56
Kelantan,Kota Bharu,1.348,109.289,2024-10,66
Kelantan,Kota Bharu,1.348,109.289,2024-11,88
Kelantan,Kota Bharu,1.348,109.289,2024-12,143
Kelantan,Pasir Mas,4.352,105.098,2024-01,116
Kelantan,Pasir Mas,4.352,105.098,2024-02,56
Kelantan,Pasir Mas,4.352,105.098,2024-03,147
Kelantan,Pasir Mas,4.352,105.098,2024-04,58
Kelantan,Pasir Mas,4.352,105.098,2024-05,96
Kelantan,Pasir Mas,4.352,105.098,2024-06,58
Kelantan,Pasir Mas,4.352,105.098,2024-07,97
Kelantan,Pasir Mas,4.352,105.098,2024-08,114
Kelantan,Pasir Mas,4.352,105.098,2024-09,57
Kelantan,Pasir Mas,4.352,105.098,2024-10,70
Kelantan,Pasir Mas,4.352,105.098,2024-11,32
Kelantan,Pasir Mas,4.352,105.098,2024-12,40
Kelantan,Tanah Merah,3.915,106.896,2024-01,129
Kelantan,Tanah Merah,3.915,106.896,2024-02,71
Kelantan,Tanah Merah,3.915,106.896,2024-03,102
Kelantan,Tanah Merah,3.915,106.896,2024-04,147
Kelantan,Tanah Merah,3.915,106.896,2024-05,100
Kelantan,Tanah Merah,3.915,106.896,2024-06,143
Kelantan,Tanah Merah,3.915,106.896,2024-07,144
Kelantan,Tanah Merah,3.915,106.896,2024-08,122
Kelantan,Tanah Merah,3.915,106.896,2024-09,99
Kelantan,Tanah Merah,3.915,106.896,2024-10,76
Kelantan,Tanah Merah,3.915,106.896,2024-11,44
Kelantan,Tanah Merah,3.915,106.896,2024-12,98
Kelantan,Tumpat,3.09,100.741,2024-01,101
Kelantan,Tumpat,3.09,100.741,2024-02,138
Kelantan,Tumpat,3.09,100.741,2024-03,148
Kelantan,Tumpat,3.09,100.741,2024-04,121
Kelantan,Tumpat,3.09,100.741,2024-05,85
Kelantan,Tumpat,3.09,100.741,2024-06,67
Kelantan,Tumpat,3.09,100.741,2024-07,82
Kelantan,Tumpat,3.09,100.741,2024-08,137
Kelantan,Tumpat,3.09,100.741,2024-09,105
Kelantan,Tumpat,3.09,100.741,2024-10,48
Kelantan,Tumpat,3.09,100.741,2024-11,30
Kelantan,Tumpat,3.09,100.741,2024-12,98
Kelantan,Machang,5.602,107.832,2024-01,99
Kelantan,Machang,5.602,107.832,2024-02,108
Kelantan,Machang,5.602,107.832,2024-03,52
Kelantan,Machang,5.602,107.832,2024-04,115
Kelantan,Machang,5.602,107.832,2024-05,97
Kelantan,Machang,5.602,107.832,2024-06,146
Kelantan,Machang,5.602,107.832,2024-07,85
Kelantan,Machang,5.602,107.832,2024-08,80
Kelantan,Machang,5.602,107.832,2024-09,58
Kelantan,Machang,5.602,107.832,2024-10,114
Kelantan,Machang,5.602,107.832,2024-11,134
Kelantan,Machang,5.602,107.832,2024-12,41
Kelantan,Kuala Krai,3.198,107.743,2024-01,121
Kelantan,Kuala Krai,3.198,107.743,2024-02,119
Kelantan,Kuala Krai,3.198,107.743,2024-03,112
Kelantan,Kuala Krai,3.198,107.743,2024-04,78
Kelantan,Kuala Krai,3.198,107.743,2024-05,73
Kelantan,Kuala Krai,3.198,107.743,2024-06,83
Kelantan,Kuala Krai,3.198,107.743,2024-07,136
Kelantan,Kuala Krai,3.198,107.743,2024-08,83
Kelantan,Kuala Krai,3.198,107.743,2024-09,98
Kelantan,Kuala Krai,3.198,107.743,2024-10,127
Kelantan,Kuala Krai,3.198,107.743,2024-11,37
Kelantan,Kuala Krai,3.198,107.743,2024-12,34
Kelantan,Bachok,4.263,104.868,2024-01,44
Kelantan,Bachok,4.263,104.868,2024-02,111
Kelantan,Bachok,4.263,104.868,2024-03,57
Kelantan,Bachok,4.263,104.868,2024-04,42
Kelantan,Bachok,4.263,104.868,2024-05,104
Kelantan,Bachok,4.263,104.868,2024-06,31
Kelantan,Bachok,4.263,104.868,2024-07,77
Kelantan,Bachok,4.263,104.868,2024-08,134
Kelantan,Bachok,4.263,104.868,2024-09,145
Kelantan,Bachok,4.263,104.868,2024-10,146
Kelantan,Bachok,4.263,104.868,2024-11,72
Kelantan,Bachok,4.263,104.868,2024-12,35
Kelantan,Pasir Puteh,2.423,117.142,2024-01,67
Kelantan,Pasir Puteh,2.423,117.142,2024-02,92
Kelantan,Pasir Puteh,2.423,117.142,2024-03,127
Kelantan,Pasir Puteh,2.423,117.142,2024-04,49
Kelantan,Pasir Puteh,2.423,117.142,2024-05,40
Kelantan,Pasir Puteh,2.423,117.142,2024-06,60
Kelantan,Pasir Puteh,2.423,117.142,2024-07,142
Kelantan,Pasir Puteh,2.423,117.142,2024-08,39
Kelantan,Pasir Puteh,2.423,117.142,2024-09,68
Kelantan,Pasir Puteh,2.423,117.142,2024-10,78
Kelantan,Pasir Puteh,2.423,117.142,2024-11,150
Kelantan,Pasir Puteh,2.423,117.142,2024-12,34
Kelantan,Gua Musang,1.511,111.961,2024-01,67
Kelantan,Gua Musang,1.511,111.961,2024-02,102
Kelantan,Gua Musang,1.511,111.961,2024-03,51
Kelantan,Gua Musang,1.511,111.961,2024-04,64
Kelantan,Gua Musang,1.511,111.961,2024-05,68
Kelantan,Gua Musang,1.511,111.961,2024-06,54
Kelantan,Gua Musang,1.511,111.961,2024-07,148
Kelantan,Gua Musang,1.511,111.961,2024-08,71
Kelantan,Gua Musang,1.511,111.961,2024-09,84
Kelantan,Gua Musang,1.511,111.961,2024-10,107
Kelantan,Gua Musang,1.511,111.961,2024-11,107
Kelantan,Gua Musang,1.511,111.961,2024-12,135
Kelantan,Jeli,4.023,111.644,2024-01,73
Kelantan,Jeli,4.023,111.644,2024-02,68
Kelantan,Jeli,4.023,111.644,2024-03,117
Kelantan,Jeli,4.023,111.644,2024-04,145
Kelantan,Jeli,4.023,111.644,2024-05,127
Kelantan,Jeli,4.023,111.644,2024-06,55
Kelantan,Jeli,4.023,111.644,2024-07,103
Kelantan,Jeli,4.023,111.644,2024-08,55
Kelantan,Jeli,4.023,111.644,2024-09,134
Kelantan,Jeli,4.023,111.644,2024-10,71
Kelantan,Jeli,4.023,111.644,2024-11,121
Kelantan,Jeli,4.023,111.644,2024-12,141
Melaka,Melaka Tengah,4.644,115.351,2024-01,149
Melaka,Melaka Tengah,4.644,115.351,2024-02,139
Melaka,Melaka Tengah,4.644,115.351,2024-03,133
Melaka,Melaka Tengah,4.644,115.351,2024-04,143
Melaka,Melaka Tengah,4.644,115.351,2024-05,131
Melaka,Melaka Tengah,4.644,115.351,2024-06,146
Melaka,Melaka Tengah,4.644,115.351,2024-07,84
Melaka,Melaka Tengah,4.644,115.351,2024-08,81
Melaka,Melaka Tengah,4.644,115.351,2024-09,138
Melaka,Melaka Tengah,4.644,115.351,2024-10,112
Melaka,Melaka Tengah,4.644,115.351,2024-11,109
Melaka,Melaka Tengah,4.644,115.351,2024-12,30
Melaka,Alor Gajah,4.686,101.673,2024-01,149
Melaka,Alor Gajah,4.686,101.673,2024-02,44
Melaka,Alor Gajah,4.686,101.673,2024-03,68
Melaka,Alor Gajah,4.686,101.673,2024-04,129
Melaka,Alor Gajah,4.686,101.673,2024-05,121
Melaka,Alor Gajah,4.686,101.673,2024-06,148
Melaka,Alor Gajah,4.686,101.673,2024-07,144
Melaka,Alor Gajah,4.686,101.673,2024-08,73
Melaka,Alor Gajah,4.686,101.673,2024-09,101
Melaka,Alor Gajah,4.686,101.673,2024-10,106
Melaka,Alor Gajah,4.686,101.673,2024-11,108
Melaka,Alor Gajah,4.686,101.673,2024-12,107
Melaka,Jasin,2.855,111.624,2024-01,90
Melaka,Jasin,2.855,111.624,2024-02,89
Melaka,Jasin,2.855,111.624,2024-03,132
Melaka,Jasin,2.855,111.624,2024-04,47
Melaka,Jasin,2.855,111.624,2024-05,80
Melaka,Jasin,2.855,111.624,2024-06,104
Melaka,Jasin,2.855,111.624,2024-07,117
Melaka,Jasin,2.855,111.624,2024-08,73
Melaka,Jasin,2.855,111.624,2024-09,67
Melaka,Jasin,2.855,111.624,2024-10,131
Melaka,Jasin,2.855,111.624,2024-11,105
Melaka,Jasin,2.855,111.624,2024-12,130
Melaka,Bukit Katil,4.865,103.498,2024-01,138
Melaka,Bukit Katil,4.865,103.498,2024-02,54
Melaka,Bukit Katil,4.865,103.498,2024-03,67
Melaka,Bukit Katil,4.865,103.498,2024-04,138
Melaka,Bukit Katil,4.865,103.498,2024-05,115
Melaka,Bukit Katil,4.865,103.498,2024-06,73
Melaka,Bukit Katil,4.865,103.498,2024-07,56
Melaka,Bukit Katil,4.865,103.498,2024-08,35
Melaka,Bukit Katil,4.865,103.498,2024-09,107
Melaka,Bukit Katil,4.865,103.498,2024-10,100
Melaka,Bukit Katil,4.865,103.498,2024-11,104
Melaka,Bukit Katil,4.865,103.498,2024-12,122
Melaka,Durian Tunggal,5.248,112.203,2024-01,115
Melaka,Durian Tunggal,5.248,112.203,2024-02,33
Melaka,Durian Tunggal,5.248,112.203,2024-03,72
Melaka,Durian Tunggal,5.248,112.203,2024-04,78
Melaka,Durian Tunggal,5.248,112.203,2024-05,56
Melaka,Durian Tunggal,5.248,112.203,2024-06,43
Melaka,Durian Tunggal,5.248,112.203,2024-07,113
Melaka,Durian Tunggal,5.248,112.203,2024-08,107
Melaka,Durian Tunggal,5.248,112.203,2024-09,101
Melaka,Durian Tunggal,5.248,112.203,2024-10,66
Melaka,Durian Tunggal,5.248,112.203,2024-11,64
Melaka,Durian Tunggal,5.248,112.203,2024-12,120
Melaka,Ayer Keroh,5.421,104.649,2024-01,79
Melaka,Ayer Keroh,5.421,104.649,2024-02,64
Melaka,Ayer Keroh,5.421,104.649,2024-03,74
Melaka,Ayer Keroh,5.421,104.649,2024-04,100
Melaka,Ayer Keroh,5.421,104.649,2024-05,126
Melaka,Ayer Keroh,5.421,104.649,2024-06,44
Melaka,Ayer Keroh,5.421,104.649,2024-07,99
Melaka,Ayer Keroh,5.421,104.649,2024-08,113
Melaka,Ayer Keroh,5.421,104.649,2024-09,99
Melaka,Ayer Keroh,5.421,104.649,2024-10,106
Melaka,Ayer Keroh,5.421,104.649,2024-11,114
Melaka,Ayer Keroh,5.421,104.649,2024-12,87
Melaka,Masjid Tanah,2.141,116.565,2024-01,59
Melaka,Masjid Tanah,2.141,116.565,2024-02,65
Melaka,Masjid Tanah,2.141,116.565,2024-03,135
Melaka,Masjid Tanah,2.141,116.565,2024-04,52
Melaka,Masjid Tanah,2.141,116.565,2024-05,102
Melaka,Masjid Tanah,2.141,116.565,2024-06,116
Melaka,Masjid Tanah,2.141,116.565,2024-07,112
Melaka,Masjid Tanah,2.141,116.565,2024-08,65
Melaka,Masjid Tanah,2.141,116.565,2024-09,90
Melaka,Masjid Tanah,2.141,116.565,2024-10,59
Melaka,Masjid Tanah,2.141,116.565,2024-11,45
Melaka,Masjid Tanah,2.141,116.565,2024-12,44
Melaka,Bemban,5.642,101.619,2024-01,138
Melaka,Bemban,5.642,101.619,2024-02,150
Melaka,Bemban,5.642,101.619,2024-03,52
Melaka,Bemban,5.642,101.619,2024-04,150
Melaka,Bemban,5.642,101.619,2024-05,147
Melaka,Bemban,5.642,101.619,2024-06,58
Melaka,Bemban,5.642,101.619,2024-07,111
Melaka,Bemban,5.642,101.619,2024-08,138
Melaka,Bemban,5.642,101.619,2024-09,141
Melaka,Bemban,5.642,101.619,2024-10,97
Melaka,Bemban,5.642,101.619,2024-11,146
Melaka,Bemban,5.642,101.619,2024-12,150
Melaka,Batu Berendam,4.957,101.752,2024-01,146
Melaka,Batu Berendam,4.957,101.752,2024-02,83
Melaka,Batu Berendam,4.957,101.752,2024-03,89
Melaka,Batu Berendam,4.957,101.752,2024-04,110
Melaka,Batu Berendam,4.957,101.752,2024-05,122
Melaka,Batu Berendam,4.957,101.752,2024-06,125
Melaka,Batu Berendam,4.957,101.752,2024-07,143
Melaka,Batu Berendam,4.957,101.752,2024-08,94
Melaka,Batu Berendam,4.957,101.752,2024-09,95
Melaka,Batu Berendam,4.957,101.752,2024-10,90
Melaka,Batu Berendam,4.957,101.752,2024-11,136
Melaka,Batu Berendam,4.957,101.752,2024-12,111
Melaka,Klebang,5.3,114.769,2024-01,104
Melaka,Klebang,5.3,114.769,2024-02,118
Melaka,Klebang,5.3,114.769,2024-03,75
Melaka,Klebang,5.3,114.769,2024-04,47
Melaka,Klebang,5.3,114.769,2024-05,148
Melaka,Klebang,5.3,114.769,2024-06,45
Melaka,Klebang,5.3,114.769,2024-07,131
Melaka,Klebang,5.3,114.769,2024-08,110
Melaka,Klebang,5.3,114.769,2024-09,67
Melaka,Klebang,5.3,114.769,2024-10,80
Melaka,Klebang,5.3,114.769,2024-11,36
Melaka,Klebang,5.3,114.769,2024-12,65
Negeri Sembilan,Seremban,3.588,114.15,2024-01,94
Negeri Sembilan,Seremban,3.588,114.15,2024-02,120
Negeri Sembilan,Seremban,3.588,114.15,2024-03,70
Negeri Sembilan,Seremban,3.588,114.15,2024-04,97
Negeri Sembilan,Seremban,3.588,114.15,2024-05,150
Negeri Sembilan,Seremban,3.588,114.15,2024-06,119
Negeri Sembilan,Seremban,3.588,114.15,2024-07,32
Negeri Sembilan,Seremban,3.588,114.15,2024-08,117
Negeri Sembilan,Seremban,3.588,114.15,2024-09,39
Negeri Sembilan,Seremban,3.588,114.15,2024-10,128
Negeri Sembilan,Seremban,3.588,114.15,2024-11,62
Negeri Sembilan,Seremban,3.588,114.15,2024-12,150
Negeri Sembilan,Port Dickson,1.565,102.493,2024-01,62
Negeri Sembilan,Port Dickson,1.565,102.493,2024-02,99
Negeri Sembilan,Port Dickson,1.565,102.493,2024-03,92
Negeri Sembilan,Port Dickson,1.565,102.493,2024-04,134
Negeri Sembilan,Port Dickson,1.565,102.493,2024-05,119
Negeri Sembilan,Port Dickson,1.565,102.493,2024-06,109
Negeri Sembilan,Port Dickson,1.565,102.493,2024-07,130
Negeri Sembilan,Port Dickson,1.565,102.493,2024-08,94
Negeri Sembilan,Port Dickson,1.565,102.493,2024-09,116
Negeri Sembilan,Port Dickson,1.565,102.493,2024-10,118
Negeri Sembilan,Port Dickson,1.565,102.493,2024-11,104
Negeri Sembilan,Port Dickson,1.565,102.493,2024-12,78
Negeri Sembilan,Jempol,1.479,116.385,2024-01,150
Negeri Sembilan,Jempol,1.479,116.385,2024-02,111
Negeri Sembilan,Jempol,1.479,116.385,2024-03,107
Negeri Sembilan,Jempol,1.479,116.385,2024-04,46
Negeri Sembilan,Jempol,1.479,116.385,2024-05,33
Negeri Sembilan,Jempol,1.479,116.385,2024-06,139
Negeri Sembilan,Jempol,1.479,116.385,2024-07,53
Negeri Sembilan,Jempol,1.479,116.385,2024-08,50
Negeri Sembilan,Jempol,1.479,116.385,2024-09,37
Negeri Sembilan,Jempol,1.479,116.385,2024-10,121
Negeri Sembilan,Jempol,1.479,116.385,2024-11,131
Negeri Sembilan,Jempol,1.479,116.385,2024-12,132
Negeri Sembilan,Tampin,4.097,112.735,2024-01,42
Negeri Sembilan,Tampin,4.097,112.735,2024-02,150
Negeri Sembilan,Tampin,4.097,112.735,2024-03,40
Negeri Sembilan,Tampin,4.097,112.735,2024-04,139
Negeri Sembilan,Tampin,4.097,112.735,2024-05,57
Negeri Sembilan,Tampin,4.097,112.735,2024-06,110
Negeri Sembilan,Tampin,4.097,112.735,2024-07,106
Negeri Sembilan,Tampin,4.097,112.735,2024-08,61
Negeri Sembilan,Tampin,4.097,112.735,2024-09,37
Negeri Sembilan,Tampin,4.097,112.735,2024-10,112
Negeri Sembilan,Tampin,4.097,112.735,2024-11,80
Negeri Sembilan,Tampin,4.097,112.735,2024-12,83
Negeri Sembilan,Rembau,2.023,102.744,2024-01,44
Negeri Sembilan,Rembau,2.023,102.744,2024-02,40
Negeri Sembilan,Rembau,2.023,102.744,2024-03,57
Negeri Sembilan,Rembau,2.023,102.744,2024-04,102
Negeri Sembilan,Rembau,2.023,102.744,2024-05,57
Negeri Sembilan,Rembau,2.023,102.744,2024-06,146
Negeri Sembilan,Rembau,2.023,102.744,2024-07,130
Negeri Sembilan,Rembau,2.023,102.744,2024-08,109
Negeri Sembilan,Rembau,2.023,102.744,2024-09,80
Negeri Sembilan,Rembau,2.023,102.744,2024-10,52
Negeri Sembilan,Rembau,2.023,102.744,2024-11,60
Negeri Sembilan,Rembau,2.023,102.744,2024-12,112
Negeri Sembilan,Kuala Pilah,5.651,108.602,2024-01,125
Negeri Sembilan,Kuala Pilah,5.651,108.602,2024-02,68
Negeri Sembilan,Kuala Pilah,5.651,108.602,2024-03,125
Negeri Sembilan,Kuala Pilah,5.651,108.602,2024-04,82
Negeri Sembilan,Kuala Pilah,5.651,108.602,2024-05,149
Negeri Sembilan,Kuala Pilah,5.651,108.602,2024-06,83
Negeri Sembilan,Kuala Pilah,5.651,108.602,2024-07,89
Negeri Sembilan,Kuala Pilah,5.651,108.602,2024-08,75
Negeri Sembilan,Kuala Pilah,5.651,108.602,2024-09,93
Negeri Sembilan,Kuala Pilah,5.651,108.602,2024-10,59
Negeri Sembilan,Kuala Pilah,5.651,108.602,2024-11,141
Negeri Sembilan,Kuala Pilah,5.651,108.602,2024-12,58
Negeri Sembilan,Jelebu,1.543,109.092,2024-01,146
Negeri Sembilan,Jelebu,1.543,109.092,2024-02,85
Negeri Sembilan,Jelebu,1.543,109.092,2024-03,86
Negeri Sembilan,Jelebu,1.543,109.092,2024-04,148
Negeri Sembilan,Jelebu,1.543,109.092,2024-05,85
Negeri Sembilan,Jelebu,1.543,109.092,2024-06,112
Negeri Sembilan,Jelebu,1.543,109.092,2024-07,44
Negeri Sembilan,Jelebu,1.543,109.092,2024-08,136
Negeri Sembilan,Jelebu,1.543,109.092,2024-09,133
Negeri Sembilan,Jelebu,1.543,109.092,2024-10,87
Negeri Sembilan,Jelebu,1.543,109.092,2024-11,116
Negeri Sembilan,Jelebu,1.543,109.092,2024-12,76
Negeri Sembilan,Nilai,5.809,102.39,2024-01,127
Negeri Sembilan,Nilai,5.809,102.39,2024-02,128
Negeri Sembilan,Nilai,5.809,102.39,2024-03,36
Negeri Sembilan,Nilai,5.809,102.39,2024-04,120
Negeri Sembilan,Nilai,5.809,102.39,2024-05,89
Negeri Sembilan,Nilai,5.809,102.39,2024-06,98
Negeri Sembilan,Nilai,5.809,102.39,2024-07,61
Negeri Sembilan,Nilai,5.809,102.39,2024-08,125
Negeri Sembilan,Nilai,5.809,102.39,2024-09,110
Negeri Sembilan,Nilai,5.809,102.39,2024-10,72
Negeri Sembilan,Nilai,5.809,102.39,2024-11,122
Negeri Sembilan,Nilai,5.809,102.39,2024-12,108
Negeri Sembilan,Bahau,5.28,107.467,2024-01,104
Negeri Sembilan,Bahau,5.28,107.467,2024-02,42
Negeri Sembilan,Bahau,5.28,107.467,2024-03,108
Negeri Sembilan,Bahau,5.28,107.467,2024-04,43
Negeri Sembilan,Bahau,5.28,107.467,2024-05,35
Negeri Sembilan,Bahau,5.28,107.467,2024-06,63
Negeri Sembilan,Bahau,5.28,107.467,2024-07,90
Negeri Sembilan,Bahau,5.28,107.467,2024-08,67
Negeri Sembilan,Bahau,5.28,107.467,2024-09,47
Negeri Sembilan,Bahau,5.28,107.467,2024-10,101
Negeri Sembilan,Bahau,5.28,107.467,2024-11,58
Negeri Sembilan,Bahau,5.28,107.467,2024-12,97
Negeri Sembilan,Labu,2.815,100.123,2024-01,83
Negeri Sembilan,Labu,2.815,100.123,2024-02,73
Negeri Sembilan,Labu,2.815,100.123,2024-03,147
Negeri Sembilan,Labu,2.815,100.123,2024-04,46
Negeri Sembilan,Labu,2.815,100.123,2024-05,112
Negeri Sembilan,Labu,2.815,100.123,2024-06,81
Negeri Sembilan,Labu,2.815,100.123,2024-07,72
Negeri Sembilan,Labu,2.815,100.123,2024-08,97
Negeri Sembilan,Labu,2.815,100.123,2024-09,94
Negeri Sembilan,Labu,2.815,100.123,2024-10,97
Negeri Sembilan,Labu,2.815,100.123,2024-11,121
Negeri Sembilan,Labu,2.815,100.123,2024-12,71
Pahang,Kuantan,2.573,108.204,2024-01,62
Pahang,Kuantan,2.573,108.204,2024-02,71
Pahang,Kuantan,2.573,108.204,2024-03,134
Pahang,Kuantan,2.573,108.204,2024-04,89
Pahang,Kuantan,2.573,108.204,2024-05,41
Pahang,Kuantan,2.573,108.204,2024-06,62
Pahang,Kuantan,2.573,108.204,2024-07,32
Pahang,Kuantan,2.573,108.204,2024-08,40
Pahang,Kuantan,2.573,108.204,2024-09,69
Pahang,Kuantan,2.573,108.204,2024-10,136
Pahang,Kuantan,2.573,108.204,2024-11,84
Pahang,Kuantan,2.573,108.204,2024-12,132
Pahang,Temerloh,4.608,108.079,2024-01,78
Pahang,Temerloh,4.608,108.079,2024-02,93
Pahang,Temerloh,4.608,108.079,2024-03,120
Pahang,Temerloh,4.608,108.079,2024-04,132
Pahang,Temerloh,4.608,108.079,2024-05,138
Pahang,Temerloh,4.608,108.079,2024-06,139
Pahang,Temerloh,4.608,108.079,2024-07,98
Pahang,Temerloh,4.608,108.079,2024-08,68
Pahang,Temerloh,4.608,108.079,2024-09,31
Pahang,Temerloh,4.608,108.079,2024-10,136
Pahang,Temerloh,4.608,108.079,2024-11,59
Pahang,Temerloh,4.608,108.079,2024-12,41
Pahang,Bentong,6.33,118.535,2024-01,64
Pahang,Bentong,6.33,118.535,2024-02,134
Pahang,Bentong,6.33,118.535,2024-03,104
Pahang,Bentong,6.33,118.535,2024-04,52
Pahang,Bentong,6.33,118.535,2024-05,130
Pahang,Bentong,6.33,118.535,2024-06,103
Pahang,Bentong,6.33,118.535,2024-07,85
Pahang,Bentong,6.33,118.535,2024-08,82
Pahang,Bentong,6.33,118.535,2024-09,80
Pahang,Bentong,6.33,118.535,2024-10,117
Pahang,Bentong,6.33,118.535,2024-11,103
Pahang,Bentong,6.33,118.535,2024-12,39
Pahang,Raub,1.915,112.323,2024-01,139
Pahang,Raub,1.915,112.323,2024-02,125
Pahang,Raub,1.915,112.323,2024-03,58
Pahang,Raub,1.915,112.323,2024-04,96
Pahang,Raub,1.915,112.323,2024-05,125
Pahang,Raub,1.915,112.323,2024-06,84
Pahang,Raub,1.915,112.323,2024-07,79
Pahang,Raub,1.915,112.323,2024-08,135
Pahang,Raub,1.915,112.323,2024-09,65
Pahang,Raub,1.915,112.323,2024-10,54
Pahang,Raub,1.915,112.323,2024-11,79
Pahang,Raub,1.915,112.323,2024-12,30
Pahang,Jerantut,1.367,102.1,2024-01,134
Pahang,Jerantut,1.367,102.1,2024-02,40
Pahang,Jerantut,1.367,102.1,2024-03,60
Pahang,Jerantut,1.367,102.1,2024-04,35
Pahang,Jerantut,1.367,102.1,2024-05,44
Pahang,Jerantut,1.367,102.1,2024-06,56
Pahang,Jerantut,1.367,102.1,2024-07,113
Pahang,Jerantut,1.367,102.1,2024-08,106
Pahang,Jerantut,1.367,102.1,2024-09,145
Pahang,Jerantut,1.367,102.1,2024-10,93
Pahang,Jerantut,1.367,102.1,2024-11,63
Pahang,Jerantut,1.367,102.1,2024-12,80
Pahang,Pekan,2.451,100.745,2024-01,44
Pahang,Pekan,2.451,100.745,2024-02,31
Pahang,Pekan,2.451,100.745,2024-03,144
Pahang,Pekan,2.451,100.745,2024-04,125
Pahang,Pekan,2.451,100.745,2024-05,49
Pahang,Pekan,2.451,100.745,2024-06,63
Pahang,Pekan,2.451,100.745,2024-07,89
Pahang,Pekan,2.451,100.745,2024-08,146
Pahang,Pekan,2.451,100.745,2024-09,142
Pahang,Pekan,2.451,100.745,2024-10,91
Pahang,Pekan,2.451,100.745,2024-11,77
Pahang,Pekan,2.451,100.745,2024-12,123
Pahang,Lipis,4.056,100.59,2024-01,34
Pahang,Lipis,4.056,100.59,2024-02,47
Pahang,Lipis,4.056,100.59,2024-03,145
Pahang,Lipis,4.056,100.59,2024-04,41
Pahang,Lipis,4.056,100.59,2024-05,130
Pahang,Lipis,4.056,100.59,2024-06,54
Pahang,Lipis,4.056,100.59,2024-07,108
Pahang,Lipis,4.056,100.59,2024-08,58
Pahang,Lipis,4.056,100.59,2024-09,89
Pahang,Lipis,4.056,100.59,2024-10,106
Pahang,Lipis,4.056,100.59,2024-11,95
Pahang,Lipis,4.056,100.59,2024-12,109
Pahang,Maran,3.763,104.986,2024-01,121
Pahang,Maran,3.763,104.986,2024-02,129
Pahang,Maran,3.763,104.986,2024-03,102
Pahang,Maran,3.763,104.986,2024-04,40
Pahang,Maran,3.763,104.986,2024-05,30
Pahang,Maran,3.763,104.986,2024-06,60
Pahang,Maran,3.763,104.986,2024-07,30
Pahang,Maran,3.763,104.986,2024-08,110
Pahang,Maran,3.763,104.986,2024-09,54
Pahang,Maran,3.763,104.986,2024-10,92
Pahang,Maran,3.763,104.986,2024-11,107
Pahang,Maran,3.763,104.986,2024-12,115
Pahang,Bera,4.751,107.818,2024-01,31
Pahang,Bera,4.751,107.818,2024-02,50
Pahang,Bera,4.751,107.818,2024-03,148
Pahang,Bera,4.751,107.818,2024-04,143
Pahang,Bera,4.751,107.818,2024-05,118
Pahang,Bera,4.751,107.818,2024-06,30
Pahang,Bera,4.751,107.818,2024-07,70
Pahang,Bera,4.751,107.818,2024-08,34
Pahang,Bera,4.751,107.818,2024-09,122
Pahang,Bera,4.751,107.818,2024-10,96
Pahang,Bera,4.751,107.818,2024-11,100
Pahang,Bera,4.751,107.818,2024-12,120
Pahang,Rompin,4.495,105.833,2024-01,73
Pahang,Rompin,4.495,105.833,2024-02,135
Pahang,Rompin,4.495,105.833,2024-03,148
Pahang,Rompin,4.495,105.833,2024-04,76
Pahang,Rompin,4.495,105.833,2024-05,142
Pahang,Rompin,4.495,105.833,2024-06,112
Pahang,Rompin,4.495,105.833,2024-07,103
Pahang,Rompin,4.495,105.833,2024-08,43
Pahang,Rompin,4.495,105.833,2024-09,127
Pahang,Rompin,4.495,105.833,2024-10,118
Pahang,Rompin,4.495,105.833,2024-11,109
Pahang,Rompin,4.495,105.833,2024-12,115
Perak,Ipoh,5.367,113.084,2024-01,143
Perak,Ipoh,5.367,113.084,2024-02,115
Perak,Ipoh,5.367,113.084,2024-03,83
Perak,Ipoh,5.367,113.084,2024-04,40
Perak,Ipoh,5.367,113.084,2024-05,88
Perak,Ipoh,5.367,113.084,2024-06,64
Perak,Ipoh,5.367,113.084,2024-07,71
Perak,Ipoh,5.367,113.084,2024-08,143
Perak,Ipoh,5.367,113.084,2024-09,115
Perak,Ipoh,5.367,113.084,2024-10,60
Perak,Ipoh,5.367,113.084,2024-11,141
Perak,Ipoh,5.367,113.084,2024-12,109
Perak,Taiping,3.854,113.753,2024-01,111
Perak,Taiping,3.854,113.753,2024-02,43
Perak,Taiping,3.854,113.753,2024-03,130
Perak,Taiping,3.854,113.753,2024-04,91
Perak,Taiping,3.854,113.753,2024-05,67
Perak,Taiping,3.854,113.753,2024-06,40
Perak,Taiping,3.854,113.753,2024-07,85
Perak,Taiping,3.854,113.753,2024-08,143
Perak,Taiping,3.854,113.753,2024-09,86
Perak,Taiping,3.854,113.753,2024-10,50
Perak,Taiping,3.854,113.753,2024-11,120
Perak,Taiping,3.854,113.753,2024-12,30
Perak,Teluk Intan,2.916,116.207,2024-01,33
Perak,Teluk Intan,2.916,116.207,2024-02,119
Perak,Teluk Intan,2.916,116.207,2024-03,139
Perak,Teluk Intan,2.916,116.207,2024-04,88
Perak,Teluk Intan,2.916,116.207,2024-05,124
Perak,Teluk Intan,2.916,116.207,2024-06,73
Perak,Teluk Intan,2.916,116.207,2024-07,70
Perak,Teluk Intan,2.916,116.207,2024-08,135
Perak,Teluk Intan,2.916,116.207,2024-09,85
Perak,Teluk Intan,2.916,116.207,2024-10,77
Perak,Teluk Intan,2.916,116.207,2024-11,36
Perak,Teluk Intan,2.916,116.207,2024-12,136
Perak,Lumut,4.023,111.8,2024-01,109
Perak,Lumut,4.023,111.8,2024-02,124
Perak,Lumut,4.023,111.8,2024-03,143
Perak,Lumut,4.023,111.8,2024-04,63
Perak,Lumut,4.023,111.8,2024-05,118
Perak,Lumut,4.023,111.8,2024-06,139
Perak,Lumut,4.023,111.8,2024-07,43
Perak,Lumut,4.023,111.8,2024-08,83
Perak,Lumut,4.023,111.8,2024-09,62
Perak,Lumut,4.023,111.8,2024-10,39
Perak,Lumut,4.023,111.8,2024-11,64
Perak,Lumut,4.023,111.8,2024-12,58
Perak,Kuala Kangsar,1.521,112.045,2024-01,120
Perak,Kuala Kangsar,1.521,112.045,2024-02,50
Perak,Kuala Kangsar,1.521,112.045,2024-03,37
Perak,Kuala Kangsar,1.521,112.045,2024-04,119
Perak,Kuala Kangsar,1.521,112.045,2024-05,87
Perak,Kuala Kangsar,1.521,112.045,2024-06,70
Perak,Kuala Kangsar,1.521,112.045,2024-07,135
Perak,Kuala Kangsar,1.521,112.045,2024-08,109
Perak,Kuala Kangsar,1.521,112.045,2024-09,82
Perak,Kuala Kangsar,1.521,112.045,2024-10,103
Perak,Kuala Kangsar,1.521,112.045,2024-11,93
Perak,Kuala Kangsar,1.521,112.045,2024-12,100
Perak,Kampar,3.349,116.79,2024-01,66
Perak,Kampar,3.349,116.79,2024-02,93
Perak,Kampar,3.349,116.79,2024-03,79
Perak,Kampar,3.349,116.79,2024-04,108
Perak,Kampar,3.349,116.79,2024-05,55
Perak,Kampar,3.349,116.79,2024-06,61
Perak,Kampar,3.349,116.79,2024-07,84
Perak,Kampar,3.349,116.79,2024-08,82
Perak,Kampar,3.349,116.79,2024-09,80
Perak,Kampar,3.349,116.79,2024-10,68
Perak,Kampar,3.349,116.79,2024-11,38
Perak,Kampar,3.349,116.79,2024-12,74
Perak,Manjung,1.203,110.123,2024-01,33
Perak,Manjung,1.203,110.123,2024-02,128
Perak,Manjung,1.203,110.123,2024-03,33
Perak,Manjung,1.203,110.123,2024-04,81
Perak,Manjung,1.203,110.123,2024-05,67
Perak,Manjung,1.203,110.123,2024-06,44
Perak,Manjung,1.203,110.123,2024-07,117
Perak,Manjung,1.203,110.123,2024-08,144
Perak,Manjung,1.203,110.123,2024-09,46
Perak,Manjung,1.203,110.123,2024-10,133
Perak,Manjung,1.203,110.123,2024-11,136
Perak,Manjung,1.203,110.123,2024-12,108
Perak,Parit Buntar,4.829,109.922,2024-01,72
Perak,Parit Buntar,4.829,109.922,2024-02,148
Perak,Parit Buntar,4.829,109.922,2024-03,136
Perak,Parit Buntar,4.829,109.922,2024-04,104
Perak,Parit Buntar,4.829,109.922,2024-05,51
Perak,Parit Buntar,4.829,109.922,2024-06,50
Perak,Parit Buntar,4.829,109.922,2024-07,61
Perak,Parit Buntar,4.829,109.922,2024-08,62
Perak,Parit Buntar,4.829,109.922,2024-09,49
Perak,Parit Buntar,4.829,109.922,2024-10,98
Perak,Parit Buntar,4.829,109.922,2024-11,136
Perak,Parit Buntar,4.829,109.922,2024-12,69
Perak,Tapah,3.18,106.585,2024-01,62
Perak,Tapah,3.18,106.585,2024-02,73
Perak,Tapah,3.18,106.585,2024-03,68
Perak,Tapah,3.18,106.585,2024-04,109
Perak,Tapah,3.18,106.585,2024-05,137
Perak,Tapah,3.18,106.585,2024-06,87
Perak,Tapah,3.18,106.585,2024-07,138
Perak,Tapah,3.18,106.585,2024-08,41
Perak,Tapah,3.18,106.585,2024-09,47
Perak,Tapah,3.18,106.585,2024-10,109
Perak,Tapah,3.18,106.585,2024-11,106
Perak,Tapah,3.18,106.585,2024-12,142
Perak,Bagan Serai,2.358,115.261,2024-01,46
Perak,Bagan Serai,2.358,115.261,2024-02,78
Perak,Bagan Serai,2.358,115.261,2024-03,143
Perak,Bagan Serai,2.358,115.261,2024-04,49
Perak,Bagan Serai,2.358,115.261,2024-05,89
Perak,Bagan Serai,2.358,115.261,2024-06,147
Perak,Bagan Serai,2.358,115.261,2024-07,100
Perak,Bagan Serai,2.358,115.261,2024-08,33
Perak,Bagan Serai,2.358,115.261,2024-09,37
Perak,Bagan Serai,2.358,115.261,2024-10,130
Perak,Bagan Serai,2.358,115.261,2024-11,54
Perak,Bagan Serai,2.358,115.261,2024-12,94
Perlis,Kangar,6.116,115.472,2024-01,138
Perlis,Kangar,6.116,115.472,2024-02,88
Perlis,Kangar,6.116,115.472,2024-03,59
Perlis,Kangar,6.116,115.472,2024-04,48
Perlis,Kangar,6.116,115.472,2024-05,119
Perlis,Kangar,6.116,115.472,2024-06,78
Perlis,Kangar,6.116,115.472,2024-07,87
Perlis,Kangar,6.116,115.472,2024-08,37
Perlis,Kangar,6.116,115.472,2024-09,102
Perlis,Kangar,6.116,115.472,2024-10,93
Perlis,Kangar,6.116,115.472,2024-11,59
Perlis,Kangar,6.116,115.472,2024-12,32
Perlis,Arau,1.271,111.177,2024-01,82
Perlis,Arau,1.271,111.177,2024-02,108
Perlis,Arau,1.271,111.177,2024-03,93
Perlis,Arau,1.271,111.177,2024-04,50
Perlis,Arau,1.271,111.177,2024-05,103
Perlis,Arau,1.271,111.177,2024-06,146
Perlis,Arau,1.271,111.177,2024-07,41
Perlis,Arau,1.271,111.177,2024-08,55
Perlis,Arau,1.271,111.177,2024-09,30
Perlis,Arau,1.271,111.177,2024-10,83
Perlis,Arau,1.271,111.177,2024-11,77
Perlis,Arau,1.271,111.177,2024-12,37
Perlis,Padang Besar,4.87,106.699,2024-01,113
Perlis,Padang Besar,4.87,106.699,2024-02,138
Perlis,Padang Besar,4.87,106.699,2024-03,53
Perlis,Padang Besar,4.87,106.699,2024-04,143
Perlis,Padang Besar,4.87,106.699,2024-05,67
Perlis,Padang Besar,4.87,106.699,2024-06,38
Perlis,Padang Besar,4.87,106.699,2024-07,110
Perlis,Padang Besar,4.87,106.699,2024-08,78
Perlis,Padang Besar,4.87,106.699,2024-09,81
Perlis,Padang Besar,4.87,106.699,2024-10,35
Perlis,Padang Besar,4.87,106.699,2024-11,141
Perlis,Padang Besar,4.87,106.699,2024-12,93
Perlis,Chuping,4.065,111.922,2024-01,115
Perlis,Chuping,4.065,111.922,2024-02,77
Perlis,Chuping,4.065,111.922,2024-03,63
Perlis,Chuping,4.065,111.922,2024-04,115
Perlis,Chuping,4.065,111.922,2024-05,103
Perlis,Chuping,4.065,111.922,2024-06,61
Perlis,Chuping,4.065,111.922,2024-07,105
Perlis,Chuping,4.065,111.922,2024-08,40
Perlis,Chuping,4.065,111.922,2024-09,80
Perlis,Chuping,4.065,111.922,2024-10,89
Perlis,Chuping,4.065,111.922,2024-11,77
Perlis,Chuping,4.065,111.922,2024-12,32
Perlis,Kaki Bukit,2.74,107.999,2024-01,144
Perlis,Kaki Bukit,2.74,107.999,2024-02,53
Perlis,Kaki Bukit,2.74,107.999,2024-03,93
Perlis,Kaki Bukit,2.74,107.999,2024-04,54
Perlis,Kaki Bukit,2.74,107.999,2024-05,30
Perlis,Kaki Bukit,2.74,107.999,2024-06,126
Perlis,Kaki Bukit,2.74,107.999,2024-07,91
Perlis,Kaki Bukit,2.74,107.999,2024-08,145
Perlis,Kaki Bukit,2.74,107.999,2024-09,74
Perlis,Kaki Bukit,2.74,107.999,2024-10,81
Perlis,Kaki Bukit,2.74,107.999,2024-11,35
Perlis,Kaki Bukit,2.74,107.999,2024-12,109
Perlis,Sanglang,6.217,100.836,2024-01,36
Perlis,Sanglang,6.217,100.836,2024-02,132
Perlis,Sanglang,6.217,100.836,2024-03,34
Perlis,Sanglang,6.217,100.836,2024-04,119
Perlis,Sanglang,6.217,100.836,2024-05,82
Perlis,Sanglang,6.217,100.836,2024-06,142
Perlis,Sanglang,6.217,100.836,2024-07,129
Perlis,Sanglang,6.217,100.836,2024-08,33
Perlis,Sanglang,6.217,100.836,2024-09,61
Perlis,Sanglang,6.217,100.836,2024-10,150
Perlis,Sanglang,6.217,100.836,2024-11,102
Perlis,Sanglang,6.217,100.836,2024-12,87
Perlis,Beseri,3.454,102.412,2024-01,91
Perlis,Beseri,3.454,102.412,2024-02,51
Perlis,Beseri,3.454,102.412,2024-03,105
Perlis,Beseri,3.454,102.412,2024-04,89
Perlis,Beseri,3.454,102.412,2024-05,121
Perlis,Beseri,3.454,102.412,2024-06,57
Perlis,Beseri,3.454,102.412,2024-07,33
Perlis,Beseri,3.454,102.412,2024-08,140
Perlis,Beseri,3.454,102.412,2024-09,118
Perlis,Beseri,3.454,102.412,2024-10,61
Perlis,Beseri,3.454,102.412,2024-11,91
Perlis,Beseri,3.454,102.412,2024-12,42
Perlis,Titi Tinggi,5.313,100.242,2024-01,50
Perlis,Titi Tinggi,5.313,100.242,2024-02,124
Perlis,Titi Tinggi,5.313,100.242,2024-03,133
Perlis,Titi Tinggi,5.313,100.242,2024-04,107
Perlis,Titi Tinggi,5.313,100.242,2024-05,108
Perlis,Titi Tinggi,5.313,100.242,2024-06,150
Perlis,Titi Tinggi,5.313,100.242,2024-07,99
Perlis,Titi Tinggi,5.313,100.242,2024-08,139
Perlis,Titi Tinggi,5.313,100.242,2024-09,140
Perlis,Titi Tinggi,5.313,100.242,2024-10,86
Perlis,Titi Tinggi,5.313,100.242,2024-11,145
Perlis,Titi Tinggi,5.313,100.242,2024-12,149
Perlis,Mata Ayer,4.594,112.089,2024-01,44
Perlis,Mata Ayer,4.594,112.089,2024-02,116
Perlis,Mata Ayer,4.594,112.089,2024-03,97
Perlis,Mata Ayer,4.594,112.089,2024-04,113
Perlis,Mata Ayer,4.594,112.089,2024-05,68
Perlis,Mata Ayer,4.594,112.089,2024-06,32
Perlis,Mata Ayer,4.594,112.089,2024-07,57
Perlis,Mata Ayer,4.594,112.089,2024-08,134
Perlis,Mata Ayer,4.594,112.089,2024-09,134
Perlis,Mata Ayer,4.594,112.089,2024-10,40
Perlis,Mata Ayer,4.594,112.089,2024-11,122
Perlis,Mata Ayer,4.594,112.089,2024-12,97
Perlis,Wang Kelian,6.812,113.875,2024-01,99
Perlis,Wang Kelian,6.812,113.875,2024-02,36
Perlis,Wang Kelian,6.812,113.875,2024-03,100
Perlis,Wang Kelian,6.812,113.875,2024-04,69
Perlis,Wang Kelian,6.812,113.875,2024-05,67
Perlis,Wang Kelian,6.812,113.875,2024-06,143
Perlis,Wang Kelian,6.812,113.875,2024-07,30
Perlis,Wang Kelian,6.812,113.875,2024-08,56
Perlis,Wang Kelian,6.812,113.875,2024-09,125
Perlis,Wang Kelian,6.812,113.875,2024-10,135
Perlis,Wang Kelian,6.812,113.875,2024-11,140
Perlis,Wang Kelian,6.812,113.875,2024-12,134
Penang,George Town,1.262,111.219,2024-01,65
Penang,George Town,1.262,111.219,2024-02,70
Penang,George Town,1.262,111.219,2024-03,44
Penang,George Town,1.262,111.219,2024-04,127
Penang,George Town,1.262,111.219,2024-05,49
Penang,George Town,1.262,111.219,2024-06,59
Penang,George Town,1.262,111.219,2024-07,66
Penang,George Town,1.262,111.219,2024-08,111
Penang,George Town,1.262,111.219,2024-09,61
Penang,George Town,1.262,111.219,2024-10,73
Penang,George Town,1.262,111.219,2024-11,145
Penang,George Town,1.262,111.219,2024-12,46
Penang,Butterworth,5.712,107.346,2024-01,46
Penang,Butterworth,5.712,107.346,2024-02,135
Penang,Butterworth,5.712,107.346,2024-03,47
Penang,Butterworth,5.712,107.346,2024-04,107
Penang,Butterworth,5.712,107.346,2024-05,112
Penang,Butterworth,5.712,107.346,2024-06,148
Penang,Butterworth,5.712,107.346,2024-07,93
Penang,Butterworth,5.712,107.346,2024-08,83
Penang,Butterworth,5.712,107.346,2024-09,111
Penang,Butterworth,5.712,107.346,2024-10,66
Penang,Butterworth,5.712,107.346,2024-11,124
Penang,Butterworth,5.712,107.346,2024-12,78
Penang,Bukit Mertajam,6.86,110.84,2024-01,64
Penang,Bukit Mertajam,6.86,110.84,2024-02,70
Penang,Bukit Mertajam,6.86,110.84,2024-03,38
Penang,Bukit Mertajam,6.86,110.84,2024-04,143
Penang,Bukit Mertajam,6.86,110.84,2024-05,131
Penang,Bukit Mertajam,6.86,110.84,2024-06,49
Penang,Bukit Mertajam,6.86,110.84,2024-07,108
Penang,Bukit Mertajam,6.86,110.84,2024-08,149
Penang,Bukit Mertajam,6.86,110.84,2024-09,58
Penang,Bukit Mertajam,6.86,110.84,2024-10,58
Penang,Bukit Mertajam,6.86,110.84,2024-11,116
Penang,Bukit Mertajam,6.86,110.84,2024-12,43
Penang,Nibong Tebal,2.563,107.587,2024-01,137
Penang,Nibong Tebal,2.563,107.587,2024-02,52
Penang,Nibong Tebal,2.563,107.587,2024-03,31
Penang,Nibong Tebal,2.563,107.587,2024-04,120
Penang,Nibong Tebal,2.563,107.587,2024-05,143
Penang,Nibong Tebal,2.563,107.587,2024-06,34
Penang,Nibong Tebal,2.563,107.587,2024-07,118
Penang,Nibong Tebal,2.563,107.587,2024-08,147
Penang,Nibong Tebal,2.563,107.587,2024-09,37
Penang,Nibong Tebal,2.563,107.587,2024-10,125
Penang,Nibong Tebal,2.563,107.587,2024-11,99
Penang,Nibong Tebal,2.563,107.587,2024-12,62
Penang,Balik Pulau,3.279,100.866,2024-01,117
Penang,Balik Pulau,3.279,100.866,2024-02,81
Penang,Balik Pulau,3.279,100.866,2024-03,60
Penang,Balik Pulau,3.279,100.866,2024-04,127
Penang,Balik Pulau,3.279,100.866,2024-05,67
Penang,Balik Pulau,3.279,100.866,2024-06,148
Penang,Balik Pulau,3.279,100.866,2024-07,147
Penang,Balik Pulau,3.279,100.866,2024-08,67
Penang,Balik Pulau,3.279,100.866,2024-09,139
Penang,Balik Pulau,3.279,100.866,2024-10,139
Penang,Balik Pulau,3.279,100.866,2024-11,54
Penang,Balik Pulau,3.279,100.866,2024-12,118
Penang,Bayan Lepas,6.679,115.991,2024-01,130
Penang,Bayan Lepas,6.679,115.991,2024-02,122
Penang,Bayan Lepas,6.679,115.991,2024-03,123
Penang,Bayan Lepas,6.679,115.991,2024-04,82
Penang,Bayan Lepas,6.679,115.991,2024-05,48
Penang,Bayan Lepas,6.679,115.991,2024-06,65
Penang,Bayan Lepas,6.679,115.991,2024-07,46
Penang,Bayan Lepas,6.679,115.991,2024-08,96
Penang,Bayan Lepas,6.679,115.991,2024-09,93
Penang,Bayan Lepas,6.679,115.991,2024-10,38
Penang,Bayan Lepas,6.679,115.991,2024-11,144
Penang,Bayan Lepas,6.679,115.991,2024-12,74
Penang,Perai,3.752,116.708,2024-01,59
Penang,Perai,3.752,116.708,2024-02,124
Penang,Perai,3.752,116.708,2024-03,124
Penang,Perai,3.752,116.708,2024-04,115
Penang,Perai,3.752,116.708,2024-05,36
Penang,Perai,3.752,116.708,2024-06,53
Penang,Perai,3.752,116.708,2024-07,51
Penang,Perai,3.752,116.708,2024-08,58
Penang,Perai,3.752,116.708,2024-09,72
Penang,Perai,3.752,116.708,2024-10,39
Penang,Perai,3.752,116.708,2024-11,116
Penang,Perai,3.752,116.708,2024-12,50
Penang,Tanjung Bungah,3.508,118.771,2024-01,119
Penang,Tanjung Bungah,3.508,118.771,2024-02,111
Penang,Tanjung Bungah,3.508,118.771,2024-03,143
Penang,Tanjung Bungah,3.508,118.771,2024-04,76
Penang,Tanjung Bungah,3.508,118.771,2024-05,106
Penang,Tanjung Bungah,3.508,118.771,2024-06,113
Penang,Tanjung Bungah,3.508,118.771,2024-07,32
Penang,Tanjung Bungah,3.508,118.771,2024-08,81
Penang,Tanjung Bungah,3.508,118.771,2024-09,126
Penang,Tanjung Bungah,3.508,118.771,2024-10,142
Penang,Tanjung Bungah,3.508,118.771,2024-11,75
Penang,Tanjung Bungah,3.508,118.771,2024-12,71
Penang,Gelugor,6.448,109.072,2024-01,131
Penang,Gelugor,6.448,109.072,2024-02,131
Penang,Gelugor,6.448,109.072,2024-03,64
Penang,Gelugor,6.448,109.072,2024-04,46
Penang,Gelugor,6.448,109.072,2024-05,37
Penang,Gelugor,6.448,109.072,2024-06,146
Penang,Gelugor,6.448,109.072,2024-07,76
Penang,Gelugor,6.448,109.072,2024-08,44
Penang,Gelugor,6.448,109.072,2024-09,109
Penang,Gelugor,6.448,109.072,2024-10,80
Penang,Gelugor,6.448,109.072,2024-11,30
Penang,Gelugor,6.448,109.072,2024-12,72
Penang,Jelutong,2.739,118.128,2024-01,41
Penang,Jelutong,2.739,118.128,2024-02,126
Penang,Jelutong,2.739,118.128,2024-03,31
Penang,Jelutong,2.739,118.128,2024-04,121
Penang,Jelutong,2.739,118.128,2024-05,104
Penang,Jelutong,2.739,118.128,2024-06,118
Penang,Jelutong,2.739,118.128,2024-07,135
Penang,Jelutong,2.739,118.128,2024-08,136
Penang,Jelutong,2.739,118.128,2024-09,141
Penang,Jelutong,2.739,118.128,2024-10,50
Penang,Jelutong,2.739,118.128,2024-11,124
Penang,Jelutong,2.739,118.128,2024-12,107
Selangor,Shah Alam,5.733,117.982,2024-01,70
Selangor,Shah Alam,5.733,117.982,2024-02,134
Selangor,Shah Alam,5.733,117.982,2024-03,98
Selangor,Shah Alam,5.733,117.982,2024-04,88
Selangor,Shah Alam,5.733,117.982,2024-05,86
Selangor,Shah Alam,5.733,117.982,2024-06,150
Selangor,Shah Alam,5.733,117.982,2024-07,105
Selangor,Shah Alam,5.733,117.982,2024-08,50
Selangor,Shah Alam,5.733,117.982,2024-09,35
Selangor,Shah Alam,5.733,117.982,2024-10,70
Selangor,Shah Alam,5.733,117.982,2024-11,109
Selangor,Shah Alam,5.733,117.982,2024-12,130
Selangor,Petaling Jaya,6.955,107.917,2024-01,66
Selangor,Petaling Jaya,6.955,107.917,2024-02,70
Selangor,Petaling Jaya,6.955,107.917,2024-03,110
Selangor,Petaling Jaya,6.955,107.917,2024-04,102
Selangor,Petaling Jaya,6.955,107.917,2024-05,43
Selangor,Petaling Jaya,6.955,107.917,2024-06,68
Selangor,Petaling Jaya,6.955,107.917,2024-07,148
Selangor,Petaling Jaya,6.955,107.917,2024-08,85
Selangor,Petaling Jaya,6.955,107.917,2024-09,72
Selangor,Petaling Jaya,6.955,107.917,2024-10,122
Selangor,Petaling Jaya,6.955,107.917,2024-11,118
Selangor,Petaling Jaya,6.955,107.917,2024-12,127
Selangor,Klang,1.634,100.526,2024-01,119
Selangor,Klang,1.634,100.526,2024-02,62
Selangor,Klang,1.634,100.526,2024-03,115
Selangor,Klang,1.634,100.526,2024-04,114
Selangor,Klang,1.634,100.526,2024-05,126
Selangor,Klang,1.634,100.526,2024-06,35
Selangor,Klang,1.634,100.526,2024-07,121
Selangor,Klang,1.634,100.526,2024-08,47
Selangor,Klang,1.634,100.526,2024-09,62
Selangor,Klang,1.634,100.526,2024-10,96
Selangor,Klang,1.634,100.526,2024-11,77
Selangor,Klang,1.634,100.526,2024-12,74
Selangor,Gombak,1.692,118.306,2024-01,71
Selangor,Gombak,1.692,118.306,2024-02,124
Selangor,Gombak,1.692,118.306,2024-03,85
Selangor,Gombak,1.692,118.306,2024-04,142
Selangor,Gombak,1.692,118.306,2024-05,67
Selangor,Gombak,1.692,118.306,2024-06,37
Selangor,Gombak,1.692,118.306,2024-07,54
Selangor,Gombak,1.692,118.306,2024-08,91
Selangor,Gombak,1.692,118.306,2024-09,30
Selangor,Gombak,1.692,118.306,2024-10,44
Selangor,Gombak,1.692,118.306,2024-11,54
Selangor,Gombak,1.692,118.306,2024-12,107
Selangor,Hulu Langat,1.789,108.679,2024-01,107
Selangor,Hulu Langat,1.789,108.679,2024-02,109
Selangor,Hulu Langat,1.789,108.679,2024-03,45
Selangor,Hulu Langat,1.789,108.679,2024-04,146
Selangor,Hulu Langat,1.789,108.679,2024-05,66
Selangor,Hulu Langat,1.789,108.679,2024-06,103
Selangor,Hulu Langat,1.789,108.679,2024-07,113
Selangor,Hulu Langat,1.789,108.679,2024-08,47
Selangor,Hulu Langat,1.789,108.679,2024-09,76
Selangor,Hulu Langat,1.789,108.679,2024-10,137
Selangor,Hulu Langat,1.789,108.679,2024-11,136
Selangor,Hulu Langat,1.789,108.679,2024-12,74
Selangor,Sepang,4.695,117.898,2024-01,78
Selangor,Sepang,4.695,117.898,2024-02,98
Selangor,Sepang,4.695,117.898,2024-03,123
Selangor,Sepang,4.695,117.898,2024-04,54
Selangor,Sepang,4.695,117.898,2024-05,150
Selangor,Sepang,4.695,117.898,2024-06,114
Selangor,Sepang,4.695,117.898,2024-07,52
Selangor,Sepang,4.695,117.898,2024-08,78
Selangor,Sepang,4.695,117.898,2024-09,107
Selangor,Sepang,4.695,117.898,2024-10,109
Selangor,Sepang,4.695,117.898,2024-11,102
Selangor,Sepang,4.695,117.898,2024-12,71
Selangor,Kuala Selangor,5.596,101.123,2024-01,32
Selangor,Kuala Selangor,5.596,101.123,2024-02,59
Selangor,Kuala Selangor,5.596,101.123,2024-03,138
Selangor,Kuala Selangor,5.596,101.123,2024-04,37
Selangor,Kuala Selangor,5.596,101.123,2024-05,105
Selangor,Kuala Selangor,5.596,101.123,2024-06,150
Selangor,Kuala Selangor,5.596,101.123,2024-07,91
Selangor,Kuala Selangor,5.596,101.123,2024-08,40
Selangor,Kuala Selangor,5.596,101.123,2024-09,72
Selangor,Kuala Selangor,5.596,101.123,2024-10,60
Selangor,Kuala Selangor,5.596,101.123,2024-11,141
Selangor,Kuala Selangor,5.596,101.123,2024-12,73
Selangor,Sabak Bernam,2.769,108.544,2024-01,142
Selangor,Sabak Bernam,2.769,108.544,2024-02,131
Selangor,Sabak Bernam,2.769,108.544,2024-03,59
Selangor,Sabak Bernam,2.769,108.544,2024-04,94
Selangor,Sabak Bernam,2.769,108.544,2024-05,89
Selangor,Sabak Bernam,2.769,108.544,2024-06,108
Selangor,Sabak Bernam,2.769,108.544,2024-07,47
Selangor,Sabak Bernam,2.769,108.544,2024-08,149
Selangor,Sabak Bernam,2.769,108.544,2024-09,95
Selangor,Sabak Bernam,2.769,108.544,2024-10,53
Selangor,Sabak Bernam,2.769,108.544,2024-11,38
Selangor,Sabak Bernam,2.769,108.544,2024-12,63
Selangor,Hulu Selangor,2.302,103.101,2024-01,33
Selangor,Hulu Selangor,2.302,103.101,2024-02,112
Selangor,Hulu Selangor,2.302,103.101,2024-03,75
Selangor,Hulu Selangor,2.302,103.101,2024-04,112
Selangor,Hulu Selangor,2.302,103.101,2024-05,115
Selangor,Hulu Selangor,2.302,103.101,2024-06,40
Selangor,Hulu Selangor,2.302,103.101,2024-07,50
Selangor,Hulu Selangor,2.302,103.101,2024-08,37
Selangor,Hulu Selangor,2.302,103.101,2024-09,45
Selangor,Hulu Selangor,2.302,103.101,2024-10,77
Selangor,Hulu Selangor,2.302,103.101,2024-11,130
Selangor,Hulu Selangor,2.302,103.101,2024-12,80
Selangor,Rawang,6.552,112.994,2024-01,118
Selangor,Rawang,6.552,112.994,2024-02,95
Selangor,Rawang,6.552,112.994,2024-03,130
Selangor,Rawang,6.552,112.994,2024-04,113
Selangor,Rawang,6.552,112.994,2024-05,94
Selangor,Rawang,6.552,112.994,2024-06,33
Selangor,Rawang,6.552,112.994,2024-07,42
Selangor,Rawang,6.552,112.994,2024-08,84
Selangor,Rawang,6.552,112.994,2024-09,32
Selangor,Rawang,6.552,112.994,2024-10,122
Selangor,Rawang,6.552,112.994,2024-11,75
Selangor,Rawang,6.552,112.994,2024-12,135
Terengganu,Kuala Terengganu,2.734,115.053,2024-01,104
Terengganu,Kuala Terengganu,2.734,115.053,2024-02,40
Terengganu,Kuala Terengganu,2.734,115.053,2024-03,100
Terengganu,Kuala Terengganu,2.734,115.053,2024-04,56
Terengganu,Kuala Terengganu,2.734,115.053,2024-05,69
Terengganu,Kuala Terengganu,2.734,115.053,2024-06,107
Terengganu,Kuala Terengganu,2.734,115.053,2024-07,150
Terengganu,Kuala Terengganu,2.734,115.053,2024-08,115
Terengganu,Kuala Terengganu,2.734,115.053,2024-09,44
Terengganu,Kuala Terengganu,2.734,115.053,2024-10,84
Terengganu,Kuala Terengganu,2.734,115.053,2024-11,133
Terengganu,Kuala Terengganu,2.734,115.053,2024-12,33
Terengganu,Kemaman,2.709,111.428,2024-01,95
Terengganu,Kemaman,2.709,111.428,2024-02,53
Terengganu,Kemaman,2.709,111.428,2024-03,117
Terengganu,Kemaman,2.709,111.428,2024-04,88
Terengganu,Kemaman,2.709,111.428,2024-05,147
Terengganu,Kemaman,2.709,111.428,2024-06,101
Terengganu,Kemaman,2.709,111.428,2024-07,132
Terengganu,Kemaman,2.709,111.428,2024-08,92
Terengganu,Kemaman,2.709,111.428,2024-09,56
Terengganu,Kemaman,2.709,111.428,2024-10,74
Terengganu,Kemaman,2.709,111.428,2024-11,126
Terengganu,Kemaman,2.709,111.428,2024-12,148
Terengganu,Dungun,1.287,104.959,2024-01,113
Terengganu,Dungun,1.287,104.959,2024-02,65
Terengganu,Dungun,1.287,104.959,2024-03,69
Terengganu,Dungun,1.287,104.959,2024-04,84
Terengganu,Dungun,1.287,104.959,2024-05,125
Terengganu,Dungun,1.287,104.959,2024-06,106
Terengganu,Dungun,1.287,104.959,2024-07,143
Terengganu,Dungun,1.287,104.959,2024-08,49
Terengganu,Dungun,1.287,104.959,2024-09,115
Terengganu,Dungun,1.287,104.959,2024-10,100
Terengganu,Dungun,1.287,104.959,2024-11,65
Terengganu,Dungun,1.287,104.959,2024-12,88
Terengganu,Marang,5.051,114.287,2024-01,42
Terengganu,Marang,5.051,114.287,2024-02,42
Terengganu,Marang,5.051,114.287,2024-03,41
Terengganu,Marang,5.051,114.287,2024-04,72
Terengganu,Marang,5.051,114.287,2024-05,56
Terengganu,Marang,5.051,114.287,2024-06,118
Terengganu,Marang,5.051,114.287,2024-07,61
Terengganu,Marang,5.051,114.287,2024-08,144
Terengganu,Marang,5.051,114.287,2024-09,40
Terengganu,Marang,5.051,114.287,2024-10,107
Terengganu,Marang,5.051,114.287,2024-11,46
Terengganu,Marang,5.051,114.287,2024-12,89
Terengganu,Besut,6.445,100.975,2024-01,109
Terengganu,Besut,6.445,100.975,2024-02,128
Terengganu,Besut,6.445,100.975,2024-03,38
Terengganu,Besut,6.445,100.975,2024-04,111
Terengganu,Besut,6.445,100.975,2024-05,79
Terengganu,Besut,6.445,100.975,2024-06,133
Terengganu,Besut,6.445,100.975,2024-07,35
Terengganu,Besut,6.445,100.975,2024-08,108
Terengganu,Besut,6.445,100.975,2024-09,42
Terengganu,Besut,6.445,100.975,2024-10,70
Terengganu,Besut,6.445,100.975,2024-11,77
Terengganu,Besut,6.445,100.975,2024-12,127
Terengganu,Setiu,2.887,103.908,2024-01,149
Terengganu,Setiu,2.887,103.908,2024-02,113
Terengganu,Setiu,2.887,103.908,2024-03,108
Terengganu,Setiu,2.887,103.908,2024-04,123
Terengganu,Setiu,2.887,103.908,2024-05,77
Terengganu,Setiu,2.887,103.908,2024-06,99
Terengganu,Setiu,2.887,103.908,2024-07,78
Terengganu,Setiu,2.887,103.908,2024-08,118
Terengganu,Setiu,2.887,103.908,2024-09,81
Terengganu,Setiu,2.887,103.908,2024-10,72
Terengganu,Setiu,2.887,103.908,2024-11,91
Terengganu,Setiu,2.887,103.908,2024-12,139
Terengganu,Hulu Terengganu,1.151,109.977,2024-01,50
Terengganu,Hulu Terengganu,1.151,109.977,2024-02,41
Terengganu,Hulu Terengganu,1.151,109.977,2024-03,140
Terengganu,Hulu Terengganu,1.151,109.977,2024-04,146
Terengganu,Hulu Terengganu,1.151,109.977,2024-05,108
Terengganu,Hulu Terengganu,1.151,109.977,2024-06,115
Terengganu,Hulu Terengganu,1.151,109.977,2024-07,113
Terengganu,Hulu Terengganu,1.151,109.977,2024-08,69
Terengganu,Hulu Terengganu,1.151,109.977,2024-09,97
Terengganu,Hulu Terengganu,1.151,109.977,2024-10,60
Terengganu,Hulu Terengganu,1.151,109.977,2024-11,114
Terengganu,Hulu Terengganu,1.151,109.977,2024-12,50
Terengganu,Kuala Nerus,4.639,116.897,2024-01,52
Terengganu,Kuala Nerus,4.639,116.897,2024-02,118
Terengganu,Kuala Nerus,4.639,116.897,2024-03,42
Terengganu,Kuala Nerus,4.639,116.897,2024-04,43
Terengganu,Kuala Nerus,4.639,116.897,2024-05,105
Terengganu,Kuala Nerus,4.639,116.897,2024-06,77
Terengganu,Kuala Nerus,4.639,116.897,2024-07,116
Terengganu,Kuala Nerus,4.639,116.897,2024-08,80
Terengganu,Kuala Nerus,4.639,116.897,2024-09,148
Terengganu,Kuala Nerus,4.639,116.897,2024-10,72
Terengganu,Kuala Nerus,4.639,116.897,2024-11,63
Terengganu,Kuala Nerus,4.639,116.897,2024-12,123
Terengganu,Ajil,6.565,109.892,2024-01,32
Terengganu,Ajil,6.565,109.892,2024-02,68
Terengganu,Ajil,6.565,109.892,2024-03,89
Terengganu,Ajil,6.565,109.892,2024-04,134
Terengganu,Ajil,6.565,109.892,2024-05,85
Terengganu,Ajil,6.565,109.892,2024-06,58
Terengganu,Ajil,6.565,109.892,2024-07,36
Terengganu,Ajil,6.565,109.892,2024-08,150
Terengganu,Ajil,6.565,109.892,2024-09,71
Terengganu,Ajil,6.565,109.892,2024-10,49
Terengganu,Ajil,6.565,109.892,2024-11,46
Terengganu,Ajil,6.565,109.892,2024-12,139
Terengganu,Paka,5.105,108.401,2024-01,51
Terengganu,Paka,5.105,108.401,2024-02,64
Terengganu,Paka,5.105,108.401,2024-03,63
Terengganu,Paka,5.105,108.401,2024-04,48
Terengganu,Paka,5.105,108.401,2024-05,54
Terengganu,Paka,5.105,108.401,2024-06,85
Terengganu,Paka,5.105,108.401,2024-07,71
Terengganu,Paka,5.105,108.401,2024-08,44
Terengganu,Paka,5.105,108.401,2024-09,70
Terengganu,Paka,5.105,108.401,2024-10,72
Terengganu,Paka,5.105,108.401,2024-11,69
Terengganu,Paka,5.105,108.401,2024-12,104
Sabah,Kota Kinabalu,5.514,115.344,2024-01,78
Sabah,Kota Kinabalu,5.514,115.344,2024-02,47
Sabah,Kota Kinabalu,5.514,115.344,2024-03,83
Sabah,Kota Kinabalu,5.514,115.344,2024-04,106
Sabah,Kota Kinabalu,5.514,115.344,2024-05,99
Sabah,Kota Kinabalu,5.514,115.344,2024-06,136
Sabah,Kota Kinabalu,5.514,115.344,2024-07,45
Sabah,Kota Kinabalu,5.514,115.344,2024-08,145
Sabah,Kota Kinabalu,5.514,115.344,2024-09,114
Sabah,Kota Kinabalu,5.514,115.344,2024-10,32
Sabah,Kota Kinabalu,5.514,115.344,2024-11,107
Sabah,Kota Kinabalu,5.514,115.344,2024-12,90
Sabah,Sandakan,4.646,107.427,2024-01,132
Sabah,Sandakan,4.646,107.427,2024-02,30
Sabah,Sandakan,4.646,107.427,2024-03,69
Sabah,Sandakan,4.646,107.427,2024-04,148
Sabah,Sandakan,4.646,107.427,2024-05,68
Sabah,Sandakan,4.646,107.427,2024-06,38
Sabah,Sandakan,4.646,107.427,2024-07,91
Sabah,Sandakan,4.646,107.427,2024-08,31
Sabah,Sandakan,4.646,107.427,2024-09,94
Sabah,Sandakan,4.646,107.427,2024-10,79
Sabah,Sandakan,4.646,107.427,2024-11,135
Sabah,Sandakan,4.646,107.427,2024-12,122
Sabah,Tawau,2.545,110.04,2024-01,86
Sabah,Tawau,2.545,110.04,2024-02,49
Sabah,Tawau,2.545,110.04,2024-03,36
Sabah,Tawau,2.545,110.04,2024-04,109
Sabah,Tawau,2.545,110.04,2024-05,109
Sabah,Tawau,2.545,110.04,2024-06,64
Sabah,Tawau,2.545,110.04,2024-07,112
Sabah,Tawau,2.545,110.04,2024-08,125
Sabah,Tawau,2.545,110.04,2024-09,72
Sabah,Tawau,2.545,110.04,2024-10,88
Sabah,Tawau,2.545,110.04,2024-11,121
Sabah,Tawau,2.545,110.04,2024-12,115
Sabah,Lahad Datu,1.098,107.17,2024-01,69
Sabah,Lahad Datu,1.098,107.17,2024-02,101
Sabah,Lahad Datu,1.098,107.17,2024-03,136
Sabah,Lahad Datu,1.098,107.17,2024-04,39
Sabah,Lahad Datu,1.098,107.17,2024-05,54
Sabah,Lahad Datu,1.098,107.17,2024-06,60
Sabah,Lahad Datu,1.098,107.17,2024-07,58
Sabah,Lahad Datu,1.098,107.17,2024-08,71
Sabah,Lahad Datu,1.098,107.17,2024-09,83
Sabah,Lahad Datu,1.098,107.17,2024-10,150
Sabah,Lahad Datu,1.098,107.17,2024-11,111
Sabah,Lahad Datu,1.098,107.17,2024-12,145
Sabah,Keningau,1.234,105.817,2024-01,142
Sabah,Keningau,1.234,105.817,2024-02,133
Sabah,Keningau,1.234,105.817,2024-03,71
Sabah,Keningau,1.234,105.817,2024-04,59
Sabah,Keningau,1.234,105.817,2024-05,36
Sabah,Keningau,1.234,105.817,2024-06,72
Sabah,Keningau,1.234,105.817,2024-07,66
Sabah,Keningau,1.234,105.817,2024-08,67
Sabah,Keningau,1.234,105.817,2024-09,124
Sabah,Keningau,1.234,105.817,2024-10,145
Sabah,Keningau,1.234,105.817,2024-11,129
Sabah,Keningau,1.234,105.817,2024-12,79
Sabah,Beaufort,1.708,106.203,2024-01,41
Sabah,Beaufort,1.708,106.203,2024-02,47
Sabah,Beaufort,1.708,106.203,2024-03,92
Sabah,Beaufort,1.708,106.203,2024-04,85
Sabah,Beaufort,1.708,106.203,2024-05,68
Sabah,Beaufort,1.708,106.203,2024-06,136
Sabah,Beaufort,1.708,106.203,2024-07,36
Sabah,Beaufort,1.708,106.203,2024-08,111
Sabah,Beaufort,1.708,106.203,2024-09,52
Sabah,Beaufort,1.708,106.203,2024-10,42
Sabah,Beaufort,1.708,106.203,2024-11,94
Sabah,Beaufort,1.708,106.203,2024-12,59
Sabah,Ranau,5.877,116.246,2024-01,69
Sabah,Ranau,5.877,116.246,2024-02,53
Sabah,Ranau,5.877,116.246,2024-03,96
Sabah,Ranau,5.877,116.246,2024-04,83
Sabah,Ranau,5.877,116.246,2024-05,81
Sabah,Ranau,5.877,116.246,2024-06,67
Sabah,Ranau,5.877,116.246,2024-07,82
Sabah,Ranau,5.877,116.246,2024-08,121
Sabah,Ranau,5.877,116.246,2024-09,146
Sabah,Ranau,5.877,116.246,2024-10,126
Sabah,Ranau,5.877,116.246,2024-11,88
Sabah,Ranau,5.877,116.246,2024-12,69
Sabah,Kota Belud,5.011,117.171,2024-01,46
Sabah,Kota Belud,5.011,117.171,2024-02,129
Sabah,Kota Belud,5.011,117.171,2024-03,112
Sabah,Kota Belud,5.011,117.171,2024-04,85
Sabah,Kota Belud,5.011,117.171,2024-05,122
Sabah,Kota Belud,5.011,117.171,2024-06,132
Sabah,Kota Belud,5.011,117.171,2024-07,150
Sabah,Kota Belud,5.011,117.171,2024-08,142
Sabah,Kota Belud,5.011,117.171,2024-09,110
Sabah,Kota Belud,5.011,117.171,2024-10,86
Sabah,Kota Belud,5.011,117.171,2024-11,131
Sabah,Kota Belud,5.011,117.171,2024-12,43
Sabah,Tenom,5.082,116.534,2024-01,97
Sabah,Tenom,5.082,116.534,2024-02,124
Sabah,Tenom,5.082,116.534,2024-03,38
Sabah,Tenom,5.082,116.534,2024-04,142
Sabah,Tenom,5.082,116.534,2024-05,58
Sabah,Tenom,5.082,116.534,2024-06,61
Sabah,Tenom,5.082,116.534,2024-07,126
Sabah,Tenom,5.082,116.534,2024-08,142
Sabah,Tenom,5.082,116.534,2024-09,45
Sabah,Tenom,5.082,116.534,2024-10,136
Sabah,Tenom,5.082,116.534,2024-11,138
Sabah,Tenom,5.082,116.534,2024-12,47
Sabah,Papar,5.802,101.004,2024-01,104
Sabah,Papar,5.802,101.004,2024-02,70
Sabah,Papar,5.802,101.004,2024-03,98
Sabah,Papar,5.802,101.004,2024-04,147
Sabah,Papar,5.802,101.004,2024-05,107
Sabah,Papar,5.802,101.004,2024-06,135
Sabah,Papar,5.802,101.004,2024-07,81
Sabah,Papar,5.802,101.004,2024-08,39
Sabah,Papar,5.802,101.004,2024-09,106
Sabah,Papar,5.802,101.004,2024-10,65
Sabah,Papar,5.802,101.004,2024-11,121
Sabah,Papar,5.802,101.004,2024-12,103
Sarawak,Kuching,3.622,109.481,2024-01,132
Sarawak,Kuching,3.622,109.481,2024-02,148
Sarawak,Kuching,3.622,109.481,2024-03,139
Sarawak,Kuching,3.622,109.481,2024-04,120
Sarawak,Kuching,3.622,109.481,2024-05,52
Sarawak,Kuching,3.622,109.481,2024-06,98
Sarawak,Kuching,3.622,109.481,2024-07,140
Sarawak,Kuching,3.622,109.481,2024-08,38
Sarawak,Kuching,3.622,109.481,2024-09,57
Sarawak,Kuching,3.622,109.481,2024-10,146
Sarawak,Kuching,3.622,109.481,2024-11,56
Sarawak,Kuching,3.622,109.481,2024-12,145
Sarawak,Miri,4.166,105.397,2024-01,147
Sarawak,Miri,4.166,105.397,2024-02,56
Sarawak,Miri,4.166,105.397,2024-03,109
Sarawak,Miri,4.166,105.397,2024-04,79
Sarawak,Miri,4.166,105.397,2024-05,99
Sarawak,Miri,4.166,105.397,2024-06,66
Sarawak,Miri,4.166,105.397,2024-07,47
Sarawak,Miri,4.166,105.397,2024-08,143
Sarawak,Miri,4.166,105.397,2024-09,100
Sarawak,Miri,4.166,105.397,2024-10,77
Sarawak,Miri,4.166,105.397,2024-11,112
Sarawak,Miri,4.166,105.397,2024-12,76
Sarawak,Sibu,4.446,102.703,2024-01,140
Sarawak,Sibu,4.446,102.703,2024-02,47
Sarawak,Sibu,4.446,102.703,2024-03,149
Sarawak,Sibu,4.446,102.703,2024-04,131
Sarawak,Sibu,4.446,102.703,2024-05,118
Sarawak,Sibu,4.446,102.703,2024-06,121
Sarawak,Sibu,4.446,102.703,2024-07,77
Sarawak,Sibu,4.446,102.703,2024-08,107
Sarawak,Sibu,4.446,102.703,2024-09,71
Sarawak,Sibu,4.446,102.703,2024-10,92
Sarawak,Sibu,4.446,102.703,2024-11,80
Sarawak,Sibu,4.446,102.703,2024-12,146
Sarawak,Bintulu,3.813,106.621,2024-01,147
Sarawak,Bintulu,3.813,106.621,2024-02,32
Sarawak,Bintulu,3.813,106.621,2024-03,136
Sarawak,Bintulu,3.813,106.621,2024-04,80
Sarawak,Bintulu,3.813,106.621,2024-05,111
Sarawak,Bintulu,3.813,106.621,2024-06,52
Sarawak,Bintulu,3.813,106.621,2024-07,126
Sarawak,Bintulu,3.813,106.621,2024-08,126
Sarawak,Bintulu,3.813,106.621,2024-09,125
Sarawak,Bintulu,3.813,106.621,2024-10,30
Sarawak,Bintulu,3.813,106.621,2024-11,137
Sarawak,Bintulu,3.813,106.621,2024-12,88
Sarawak,Kapit,3.106,105.786,2024-01,114
Sarawak,Kapit,3.106,105.786,2024-02,57
Sarawak,Kapit,3.106,105.786,2024-03,65
Sarawak,Kapit,3.106,105.786,2024-04,143
Sarawak,Kapit,3.106,105.786,2024-05,36
Sarawak,Kapit,3.106,105.786,2024-06,137
Sarawak,Kapit,3.106,105.786,2024-07,129
Sarawak,Kapit,3.106,105.786,2024-08,139
Sarawak,Kapit,3.106,105.786,2024-09,71
Sarawak,Kapit,3.106,105.786,2024-10,39
Sarawak,Kapit,3.106,105.786,2024-11,33
Sarawak,Kapit,3.106,105.786,2024-12,48
Sarawak,Sri Aman,6.701,108.942,2024-01,69
Sarawak,Sri Aman,6.701,108.942,2024-02,121
Sarawak,Sri Aman,6.701,108.942,2024-03,147
Sarawak,Sri Aman,6.701,108.942,2024-04,105
Sarawak,Sri Aman,6.701,108.942,2024-05,59
Sarawak,Sri Aman,6.701,108.942,2024-06,141
Sarawak,Sri Aman,6.701,108.942,2024-07,146
Sarawak,Sri Aman,6.701,108.942,2024-08,131
Sarawak,Sri Aman,6.701,108.942,2024-09,78
Sarawak,Sri Aman,6.701,108.942,2024-10,61
Sarawak,Sri Aman,6.701,108.942,2024-11,126
Sarawak,Sri Aman,6.701,108.942,2024-12,117
Sarawak,Mukah,3.612,108.846,2024-01,58
Sarawak,Mukah,3.612,108.846,2024-02,61
Sarawak,Mukah,3.612,108.846,2024-03,118
Sarawak,Mukah,3.612,108.846,2024-04,111
Sarawak,Mukah,3.612,108.846,2024-05,39
Sarawak,Mukah,3.612,108.846,2024-06,32
Sarawak,Mukah,3.612,108.846,2024-07,130
Sarawak,Mukah,3.612,108.846,2024-08,51
Sarawak,Mukah,3.612,108.846,2024-09,120
Sarawak,Mukah,3.612,108.846,2024-10,104
Sarawak,Mukah,3.612,108.846,2024-11,56
Sarawak,Mukah,3.612,108.846,2024-12,113
Sarawak,Limbang,6.803,118.949,2024-01,48
Sarawak,Limbang,6.803,118.949,2024-02,91
Sarawak,Limbang,6.803,118.949,2024-03,50
Sarawak,Limbang,6.803,118.949,2024-04,149
Sarawak,Limbang,6.803,118.949,2024-05,124
Sarawak,Limbang,6.803,118.949,2024-06,67
Sarawak,Limbang,6.803,118.949,2024-07,128
Sarawak,Limbang,6.803,118.949,2024-08,50
Sarawak,Limbang,6.803,118.949,2024-09,141
Sarawak,Limbang,6.803,118.949,2024-10,60
Sarawak,Limbang,6.803,118.949,2024-11,60
Sarawak,Limbang,6.803,118.949,2024-12,122
Sarawak,Betong,1.823,108.037,2024-01,60
Sarawak,Betong,1.823,108.037,2024-02,148
Sarawak,Betong,1.823,108.037,2024-03,83
Sarawak,Betong,1.823,108.037,2024-04,98
Sarawak,Betong,1.823,108.037,2024-05,90
Sarawak,Betong,1.823,108.037,2024-06,47
Sarawak,Betong,1.823,108.037,2024-07,78
Sarawak,Betong,1.823,108.037,2024-08,45
Sarawak,Betong,1.823,108.037,2024-09,120
Sarawak,Betong,1.823,108.037,2024-10,142
Sarawak,Betong,1.823,108.037,2024-11,128
Sarawak,Betong,1.823,108.037,2024-12,104
Sarawak,Sarikei,2.405,109.359,2024-01,51
Sarawak,Sarikei,2.405,109.359,2024-02,126
Sarawak,Sarikei,2.405,109.359,2024-03,110
Sarawak,Sarikei,2.405,109.359,2024-04,120
Sarawak,Sarikei,2.405,109.359,2024-05,114
Sarawak,Sarikei,2.405,109.359,2024-06,30
Sarawak,Sarikei,2.405,109.359,2024-07,75
Sarawak,Sarikei,2.405,109.359,2024-08,115
Sarawak,Sarikei,2.405,109.359,2024-09,100
Sarawak,Sarikei,2.405,109.359,2024-10,143
Sarawak,Sarikei,2.405,109.359,2024-11,88
Sarawak,Sarikei,2.405,109.359,2024-12,68
